{
    "accuracy": 0.8078943631975011,
    "precision": 0.6724598930481284,
    "recall": 0.5382557517388978,
    "f1_score": 0.5979197622585438,
    "roc_auc": 0.8489870846598304
}